AB194952_A,A
EU859952_A,A
EU185787_A,A
AM180624_A,A
AY233290_A,A
FJ692592_A,A
FM199979_A,A
AB116088_A,A
GQ477469_A,A
AY233287_A,A
AB194950_A,A
AB116083_A,A
AB076679_A,A
FJ692554_A,A
GQ477499_A,A
GQ477493_A,A
AB116084_A,A
GQ477474_A,A
AB116091_A,A
AY233281_A,A
EF103278_A,A
GQ477473_A,A
AM282986_A,A
GQ477462_A,A
FJ692558_A,A
GQ331046_A,A
AJ344115_A,A
AB116092_A,A
AY934764_A,A
GQ477463_A,A
FJ692597_A,A
EU366129_A,A
FJ692575_A,A
AY934772_A,A
Z72479_A,A
AY373432_A,A
GQ477502_A,A
AB270536_A,A
AB453986_A,A
FJ692556_A,A
AY152726_A,A
GQ477464_A,A
AM184125_A,A
AB453985_A,A
X51970_A,A
AY233283_A,A
AY934765_A,A
FJ692588_A,A
GQ477501_A,A
AJ627227_A,A
AB073856_B,B
DQ463795_B,B
AB073849_B,B
AB073852_B,B
AB073838_B,B
AB287315_B,B
DD234347_B,B
AB073850_B,B
D50522_B,B
DQ463793_B,B
D23679_B,B
AB106884_B,B
AB287320_B,B
AB073854_B,B
AB073845_B,B
AB010289_B,B
AB073855_B,B
DQ463798_B,B
AB287319_B,B
AB287326_B,B
AB073851_B,B
DQ463802_B,B
AB246343_B,B
D23678_B,B
AB073858_B,B
DQ463787_B,B
AB287321_B,B
AB287318_B,B
AB287323_B,B
AB073846_B,B
DQ463788_B,B
AB287327_B,B
AB073842_B,B
AB246342_B,B
AB287322_B,B
AB073848_B,B
DQ463797_B,B
AB073843_B,B
AB287317_B,B
AB073853_B,B
DQ463791_B,B
AB362933_B,B
AB302095_B,B
D00329_B,B
AB010292_B,B
AB073857_B,B
AB287325_B,B
AB246341_B,B
DQ463794_B,B
AB073844_B,B
FJ787451_C,C
AP011107_C,C
DQ089774_C,C
AB113878_C,C
D23682_C,C
AB105172_C,C
FJ562317_C,C
GQ377555_C,C
AB493838_C,C
X75656_C,C
AB365452_C,C
AB367392_C,C
FJ562329_C,C
FJ386601_C,C
FJ562320_C,C
AB112348_C,C
EU547558_C,C
EU560438_C,C
EU670263_C,C
FJ562255_C,C
DQ089785_C,C
AB074047_C,C
AB176642_C,C
FJ562295_C,C
EU939596_C,C
FJ562245_C,C
FJ386580_C,C
EU939617_C,C
DQ089790_C,C
EU939603_C,C
AB033557_C,C
FJ386644_C,C
EU939568_C,C
AP011102_C,C
AB115417_C,C
FJ032337_C,C
FJ386626_C,C
AB049610_C,C
FJ562228_C,C
EU547560_C,C
AB493843_C,C
FJ386628_C,C
EU939539_C,C
GQ377631_C,C
DQ993690_C,C
EU787444_C,C
Y18855_C,C
DQ089804_C,C
EU498227_C,C
EU547561_C,C
EU594404_D,D
DQ315776_D,D
GQ477456_D,D
GQ205378_D,D
AB270538_D,D
GQ477457_D,D
FJ904444_D,D
FJ904440_D,D
AJ627219_D,D
FJ349215_D,D
DQ111986_D,D
FJ904433_D,D
AB033559_D,D
AB048701_D,D
AM494716_D,D
FJ904419_D,D
AB033558_D,D
FJ904416_D,D
EU155893_D,D
AJ627216_D,D
EF103279_D,D
GQ477458_D,D
AB330370_D,D
FJ904422_D,D
EU414141_D,D
FJ904405_D,D
FJ904430_D,D
FJ904395_D,D
FJ904410_D,D
AJ627222_D,D
FJ904442_D,D
AB330367_D,D
FJ904431_D,D
EU414140_D,D
AJ627224_D,D
EF103280_D,D
EU594434_D,D
FJ349221_D,D
FJ904435_D,D
FJ904408_D,D
GQ922003_D,D
GQ477453_D,D
AB188241_D,D
GQ922000_D,D
AB270550_D,D
AB188243_D,D
FJ349218_D,D
AB210820_D,D
FJ349207_D,D
FJ349231_D,D
GQ161835_E,E
EU239220_E,E
GQ161768_E,E
EU239217_E,E
AB274974_E,E
AM494709_E,E
AM494703_E,E
AB274970_E,E
EU239224_E,E
GQ161784_E,E
AY738147_E,E
GQ161786_E,E
AM494705_E,E
AB274975_E,E
AB205192_E,E
AB201289_E,E
GQ161820_E,E
GQ161836_E,E
X75657_E,E
AY739674_E,E
AB194947_E,E
EU239221_E,E
GQ161785_E,E
GQ161824_E,E
AB274979_E,E
AM494713_E,E
GQ161794_E,E
GQ161757_E,E
GQ161815_E,E
AB274980_E,E
AB274981_E,E
AB201288_E,E
GQ161811_E,E
AM494714_E,E
AB091256_E,E
AB274977_E,E
AM494695_E,E
GQ161797_E,E
AM494694_E,E
GQ161834_E,E
EU239222_E,E
FJ349226_E,E
GQ161807_E,E
AB106564_E,E
AB194948_E,E
AB274976_E,E
EU239223_E,E
GQ161762_E,E
AB205190_E,E
AM494691_E,E
AB365449_F,F
AY090459_F,F
AF223965_F,F
AB036911_F,F
AB086397_F,F
DQ899145_F,F
AB036915_F,F
AB116552_F,F
DQ899142_F,F
AB116654_F,F
AB036919_F,F
X75663_F,F
AY179735_F,F
AB064316_F,F
AB036909_F,F
AF223964_F,F
X69798_F,F
AB365448_F,F
DQ899148_F,F
DQ899143_F,F
AB116549_F,F
AY090461_F,F
AB036910_F,F
AY090458_F,F
AB036905_F,F
AB036914_F,F
AY090455_F,F
AY179734_F,F
AB116551_F,F
AY311369_F,F
DQ899149_F,F
X75658_F,F
AB036913_F,F
DQ899150_F,F
AF223963_F,F
DQ899147_F,F
EU670262_F,F
AB036920_F,F
AB036917_F,F
AB365446_F,F
AB116550_F,F
AB365450_F,F
DQ899144_F,F
AB036912_F,F
AY311370_F,F
DQ899146_F,F
AB365447_F,F
AB166850_F,F
AF223962_F,F
AF160501_G,G
EF634480_G,G
AB375169_G,G
AB064313_G,G
DQ207798_G,G
AB056513_G,G
AB375165_G,G
AB056515_G,G
AB064310_G,G
AF405706_G,G
EF634481_G,G
AB064312_G,G
AP007264_G,G
AB375168_G,G
AB064311_G,G
AB056514_G,G
AY090460_H,H
AB205010_H,H
EU498228_H,H
AB375163_H,H
AB059661_H,H
AB375160_H,H
AB375161_H,H
AB059659_H,H
AB059660_H,H
EF157291_H,H
AB179747_H,H
AB375164_H,H
AB375159_H,H
AB275308_H,H
AY090457_H,H
AY090454_H,H
AB375162_H,H
AP007261_H,H
AB064315_H,H
AB298362_H,H
AB266536_H,H
FJ356715_H,H
FJ356716_H,H
AB353764_H,H
